{"cameraMode":{"drawMode":2,"name":"Shaded Wireframe","section":"Shading Mode"},"sceneLighting":false,"audioPlay":false,"sceneViewState":{"showFog":false,"showMaterialUpdate":false,"showSkybox":false,"showFlares":false,"showImageEffects":false,"showParticleSystems":false},"in2DMode":false,"pivot":{"x":4.843107223510742,"y":12.042488098144532,"z":-21.41640853881836},"rotation":{"x":-0.23197875916957856,"y":0.03996202349662781,"z":-0.009541329927742482,"w":-0.9718675017356873},"size":0.8660253882408142,"orthographic":false}